00_SVI\805.jpg,00_VGI\805.jpg
00_SVI\57.jpg,00_VGI\57.jpg
00_SVI\806.jpg,00_VGI\806.jpg
00_SVI\55.jpg,00_VGI\55.jpg
00_SVI\486.jpg,00_VGI\486.jpg
00_SVI\574.jpg,00_VGI\574.jpg
00_SVI\304.jpg,00_VGI\304.jpg
00_SVI\961.jpg,00_VGI\961.jpg
00_SVI\745.jpg,00_VGI\745.jpg
00_SVI\290.jpg,00_VGI\290.jpg
00_SVI\170.jpg,00_VGI\170.jpg
00_SVI\232.jpg,00_VGI\232.jpg
00_SVI\371.jpg,00_VGI\371.jpg
00_SVI\379.jpg,00_VGI\379.jpg
00_SVI\537.jpg,00_VGI\537.jpg
00_SVI\873.jpg,00_VGI\873.jpg
00_SVI\518.jpg,00_VGI\518.jpg
00_SVI\389.jpg,00_VGI\389.jpg
00_SVI\219.jpg,00_VGI\219.jpg
00_SVI\588.jpg,00_VGI\588.jpg
00_SVI\38.jpg,00_VGI\38.jpg
00_SVI\638.jpg,00_VGI\638.jpg
00_SVI\48.jpg,00_VGI\48.jpg
00_SVI\1.jpg,00_VGI\1.jpg
00_SVI\384.jpg,00_VGI\384.jpg
00_SVI\725.jpg,00_VGI\725.jpg
00_SVI\585.jpg,00_VGI\585.jpg
00_SVI\394.jpg,00_VGI\394.jpg
00_SVI\618.jpg,00_VGI\618.jpg
00_SVI\510.jpg,00_VGI\510.jpg
00_SVI\419.jpg,00_VGI\419.jpg
00_SVI\254.jpg,00_VGI\254.jpg
00_SVI\211.jpg,00_VGI\211.jpg
00_SVI\439.jpg,00_VGI\439.jpg
00_SVI\900.jpg,00_VGI\900.jpg
00_SVI\898.jpg,00_VGI\898.jpg
00_SVI\180.jpg,00_VGI\180.jpg
00_SVI\93.jpg,00_VGI\93.jpg
00_SVI\262.jpg,00_VGI\262.jpg
00_SVI\346.jpg,00_VGI\346.jpg
00_SVI\890.jpg,00_VGI\890.jpg
00_SVI\161.jpg,00_VGI\161.jpg
00_SVI\361.jpg,00_VGI\361.jpg
00_SVI\217.jpg,00_VGI\217.jpg
00_SVI\37.jpg,00_VGI\37.jpg
00_SVI\464.jpg,00_VGI\464.jpg
00_SVI\393.jpg,00_VGI\393.jpg
00_SVI\229.jpg,00_VGI\229.jpg
00_SVI\463.jpg,00_VGI\463.jpg
00_SVI\614.jpg,00_VGI\614.jpg
00_SVI\220.jpg,00_VGI\220.jpg
00_SVI\920.jpg,00_VGI\920.jpg
00_SVI\247.jpg,00_VGI\247.jpg
00_SVI\124.jpg,00_VGI\124.jpg
00_SVI\599.jpg,00_VGI\599.jpg
00_SVI\273.jpg,00_VGI\273.jpg
00_SVI\433.jpg,00_VGI\433.jpg
00_SVI\665.jpg,00_VGI\665.jpg
00_SVI\251.jpg,00_VGI\251.jpg
00_SVI\520.jpg,00_VGI\520.jpg
00_SVI\225.jpg,00_VGI\225.jpg
00_SVI\255.jpg,00_VGI\255.jpg
00_SVI\104.jpg,00_VGI\104.jpg
00_SVI\838.jpg,00_VGI\838.jpg
00_SVI\971.jpg,00_VGI\971.jpg
00_SVI\165.jpg,00_VGI\165.jpg
00_SVI\704.jpg,00_VGI\704.jpg
00_SVI\7.jpg,00_VGI\7.jpg
00_SVI\313.jpg,00_VGI\313.jpg
00_SVI\23.jpg,00_VGI\23.jpg
00_SVI\852.jpg,00_VGI\852.jpg
00_SVI\31.jpg,00_VGI\31.jpg
00_SVI\298.jpg,00_VGI\298.jpg
00_SVI\786.jpg,00_VGI\786.jpg
00_SVI\66.jpg,00_VGI\66.jpg
00_SVI\218.jpg,00_VGI\218.jpg
00_SVI\975.jpg,00_VGI\975.jpg
00_SVI\815.jpg,00_VGI\815.jpg
00_SVI\266.jpg,00_VGI\266.jpg
00_SVI\136.jpg,00_VGI\136.jpg
00_SVI\640.jpg,00_VGI\640.jpg
00_SVI\197.jpg,00_VGI\197.jpg
00_SVI\621.jpg,00_VGI\621.jpg
00_SVI\15.jpg,00_VGI\15.jpg
00_SVI\909.jpg,00_VGI\909.jpg
00_SVI\480.jpg,00_VGI\480.jpg
00_SVI\802.jpg,00_VGI\802.jpg
00_SVI\86.jpg,00_VGI\86.jpg
00_SVI\120.jpg,00_VGI\120.jpg
00_SVI\916.jpg,00_VGI\916.jpg
00_SVI\570.jpg,00_VGI\570.jpg
00_SVI\74.jpg,00_VGI\74.jpg
00_SVI\750.jpg,00_VGI\750.jpg
00_SVI\918.jpg,00_VGI\918.jpg
00_SVI\403.jpg,00_VGI\403.jpg
00_SVI\145.jpg,00_VGI\145.jpg
00_SVI\581.jpg,00_VGI\581.jpg
00_SVI\679.jpg,00_VGI\679.jpg
00_SVI\912.jpg,00_VGI\912.jpg
00_SVI\808.jpg,00_VGI\808.jpg
00_SVI\337.jpg,00_VGI\337.jpg
00_SVI\576.jpg,00_VGI\576.jpg
00_SVI\75.jpg,00_VGI\75.jpg
00_SVI\533.jpg,00_VGI\533.jpg
00_SVI\555.jpg,00_VGI\555.jpg
00_SVI\485.jpg,00_VGI\485.jpg
00_SVI\115.jpg,00_VGI\115.jpg
00_SVI\733.jpg,00_VGI\733.jpg
00_SVI\901.jpg,00_VGI\901.jpg
00_SVI\95.jpg,00_VGI\95.jpg
00_SVI\718.jpg,00_VGI\718.jpg
00_SVI\43.jpg,00_VGI\43.jpg
00_SVI\174.jpg,00_VGI\174.jpg
00_SVI\154.jpg,00_VGI\154.jpg
00_SVI\861.jpg,00_VGI\861.jpg
00_SVI\344.jpg,00_VGI\344.jpg
00_SVI\356.jpg,00_VGI\356.jpg
00_SVI\423.jpg,00_VGI\423.jpg
00_SVI\418.jpg,00_VGI\418.jpg
00_SVI\666.jpg,00_VGI\666.jpg
00_SVI\35.jpg,00_VGI\35.jpg
00_SVI\11.jpg,00_VGI\11.jpg
00_SVI\263.jpg,00_VGI\263.jpg
00_SVI\430.jpg,00_VGI\430.jpg
00_SVI\687.jpg,00_VGI\687.jpg
00_SVI\645.jpg,00_VGI\645.jpg
00_SVI\30.jpg,00_VGI\30.jpg
00_SVI\921.jpg,00_VGI\921.jpg
00_SVI\719.jpg,00_VGI\719.jpg
00_SVI\534.jpg,00_VGI\534.jpg
00_SVI\865.jpg,00_VGI\865.jpg
00_SVI\826.jpg,00_VGI\826.jpg
00_SVI\927.jpg,00_VGI\927.jpg
00_SVI\258.jpg,00_VGI\258.jpg
00_SVI\69.jpg,00_VGI\69.jpg
00_SVI\656.jpg,00_VGI\656.jpg
00_SVI\809.jpg,00_VGI\809.jpg
00_SVI\584.jpg,00_VGI\584.jpg
00_SVI\835.jpg,00_VGI\835.jpg
00_SVI\246.jpg,00_VGI\246.jpg
00_SVI\322.jpg,00_VGI\322.jpg
00_SVI\662.jpg,00_VGI\662.jpg
00_SVI\882.jpg,00_VGI\882.jpg
00_SVI\978.jpg,00_VGI\978.jpg
00_SVI\437.jpg,00_VGI\437.jpg
00_SVI\470.jpg,00_VGI\470.jpg
00_SVI\166.jpg,00_VGI\166.jpg
00_SVI\200.jpg,00_VGI\200.jpg
00_SVI\910.jpg,00_VGI\910.jpg
00_SVI\597.jpg,00_VGI\597.jpg
00_SVI\450.jpg,00_VGI\450.jpg
00_SVI\193.jpg,00_VGI\193.jpg
00_SVI\201.jpg,00_VGI\201.jpg
00_SVI\475.jpg,00_VGI\475.jpg
00_SVI\507.jpg,00_VGI\507.jpg
00_SVI\468.jpg,00_VGI\468.jpg
00_SVI\182.jpg,00_VGI\182.jpg
00_SVI\807.jpg,00_VGI\807.jpg
00_SVI\18.jpg,00_VGI\18.jpg
00_SVI\401.jpg,00_VGI\401.jpg
00_SVI\973.jpg,00_VGI\973.jpg
00_SVI\913.jpg,00_VGI\913.jpg
00_SVI\924.jpg,00_VGI\924.jpg
00_SVI\637.jpg,00_VGI\637.jpg
00_SVI\626.jpg,00_VGI\626.jpg
00_SVI\641.jpg,00_VGI\641.jpg
00_SVI\184.jpg,00_VGI\184.jpg
00_SVI\109.jpg,00_VGI\109.jpg
00_SVI\456.jpg,00_VGI\456.jpg
00_SVI\572.jpg,00_VGI\572.jpg
00_SVI\138.jpg,00_VGI\138.jpg
00_SVI\137.jpg,00_VGI\137.jpg
00_SVI\396.jpg,00_VGI\396.jpg
00_SVI\25.jpg,00_VGI\25.jpg
00_SVI\529.jpg,00_VGI\529.jpg
00_SVI\981.jpg,00_VGI\981.jpg
00_SVI\63.jpg,00_VGI\63.jpg
00_SVI\769.jpg,00_VGI\769.jpg
00_SVI\19.jpg,00_VGI\19.jpg
00_SVI\483.jpg,00_VGI\483.jpg
00_SVI\26.jpg,00_VGI\26.jpg
00_SVI\5.jpg,00_VGI\5.jpg
00_SVI\474.jpg,00_VGI\474.jpg
00_SVI\674.jpg,00_VGI\674.jpg
00_SVI\88.jpg,00_VGI\88.jpg
00_SVI\784.jpg,00_VGI\784.jpg
00_SVI\259.jpg,00_VGI\259.jpg
00_SVI\455.jpg,00_VGI\455.jpg
00_SVI\699.jpg,00_VGI\699.jpg
00_SVI\801.jpg,00_VGI\801.jpg
00_SVI\949.jpg,00_VGI\949.jpg
00_SVI\705.jpg,00_VGI\705.jpg
00_SVI\444.jpg,00_VGI\444.jpg
00_SVI\945.jpg,00_VGI\945.jpg
00_SVI\330.jpg,00_VGI\330.jpg
00_SVI\577.jpg,00_VGI\577.jpg
00_SVI\400.jpg,00_VGI\400.jpg
00_SVI\644.jpg,00_VGI\644.jpg
00_SVI\112.jpg,00_VGI\112.jpg
00_SVI\101.jpg,00_VGI\101.jpg
00_SVI\879.jpg,00_VGI\879.jpg
00_SVI\556.jpg,00_VGI\556.jpg
00_SVI\33.jpg,00_VGI\33.jpg
00_SVI\62.jpg,00_VGI\62.jpg
00_SVI\770.jpg,00_VGI\770.jpg
00_SVI\726.jpg,00_VGI\726.jpg
00_SVI\727.jpg,00_VGI\727.jpg
00_SVI\453.jpg,00_VGI\453.jpg
00_SVI\3.jpg,00_VGI\3.jpg
00_SVI\260.jpg,00_VGI\260.jpg
00_SVI\36.jpg,00_VGI\36.jpg
00_SVI\969.jpg,00_VGI\969.jpg
00_SVI\391.jpg,00_VGI\391.jpg
00_SVI\623.jpg,00_VGI\623.jpg
00_SVI\107.jpg,00_VGI\107.jpg
00_SVI\323.jpg,00_VGI\323.jpg
00_SVI\119.jpg,00_VGI\119.jpg
00_SVI\42.jpg,00_VGI\42.jpg
00_SVI\690.jpg,00_VGI\690.jpg
00_SVI\860.jpg,00_VGI\860.jpg
00_SVI\405.jpg,00_VGI\405.jpg
00_SVI\488.jpg,00_VGI\488.jpg
00_SVI\589.jpg,00_VGI\589.jpg
00_SVI\933.jpg,00_VGI\933.jpg
00_SVI\282.jpg,00_VGI\282.jpg
00_SVI\659.jpg,00_VGI\659.jpg
00_SVI\183.jpg,00_VGI\183.jpg
00_SVI\722.jpg,00_VGI\722.jpg
00_SVI\160.jpg,00_VGI\160.jpg
00_SVI\651.jpg,00_VGI\651.jpg
00_SVI\355.jpg,00_VGI\355.jpg
00_SVI\81.jpg,00_VGI\81.jpg
00_SVI\490.jpg,00_VGI\490.jpg
00_SVI\237.jpg,00_VGI\237.jpg
00_SVI\167.jpg,00_VGI\167.jpg
00_SVI\887.jpg,00_VGI\887.jpg
00_SVI\500.jpg,00_VGI\500.jpg
00_SVI\269.jpg,00_VGI\269.jpg
00_SVI\343.jpg,00_VGI\343.jpg
00_SVI\311.jpg,00_VGI\311.jpg
00_SVI\538.jpg,00_VGI\538.jpg
00_SVI\204.jpg,00_VGI\204.jpg
00_SVI\822.jpg,00_VGI\822.jpg
00_SVI\560.jpg,00_VGI\560.jpg
00_SVI\590.jpg,00_VGI\590.jpg
00_SVI\624.jpg,00_VGI\624.jpg
00_SVI\212.jpg,00_VGI\212.jpg
00_SVI\203.jpg,00_VGI\203.jpg
00_SVI\525.jpg,00_VGI\525.jpg
00_SVI\713.jpg,00_VGI\713.jpg
00_SVI\150.jpg,00_VGI\150.jpg
00_SVI\779.jpg,00_VGI\779.jpg
00_SVI\905.jpg,00_VGI\905.jpg
00_SVI\431.jpg,00_VGI\431.jpg
00_SVI\340.jpg,00_VGI\340.jpg
00_SVI\140.jpg,00_VGI\140.jpg
00_SVI\413.jpg,00_VGI\413.jpg
00_SVI\275.jpg,00_VGI\275.jpg
00_SVI\99.jpg,00_VGI\99.jpg
00_SVI\837.jpg,00_VGI\837.jpg
00_SVI\94.jpg,00_VGI\94.jpg
00_SVI\336.jpg,00_VGI\336.jpg
00_SVI\499.jpg,00_VGI\499.jpg
00_SVI\698.jpg,00_VGI\698.jpg
00_SVI\373.jpg,00_VGI\373.jpg
00_SVI\406.jpg,00_VGI\406.jpg
00_SVI\954.jpg,00_VGI\954.jpg
00_SVI\233.jpg,00_VGI\233.jpg
00_SVI\210.jpg,00_VGI\210.jpg
00_SVI\796.jpg,00_VGI\796.jpg
00_SVI\144.jpg,00_VGI\144.jpg
00_SVI\417.jpg,00_VGI\417.jpg
00_SVI\919.jpg,00_VGI\919.jpg
00_SVI\227.jpg,00_VGI\227.jpg
00_SVI\522.jpg,00_VGI\522.jpg
00_SVI\459.jpg,00_VGI\459.jpg
00_SVI\654.jpg,00_VGI\654.jpg
00_SVI\388.jpg,00_VGI\388.jpg
00_SVI\116.jpg,00_VGI\116.jpg
00_SVI\832.jpg,00_VGI\832.jpg
00_SVI\8.jpg,00_VGI\8.jpg
00_SVI\813.jpg,00_VGI\813.jpg
00_SVI\466.jpg,00_VGI\466.jpg
00_SVI\583.jpg,00_VGI\583.jpg
00_SVI\65.jpg,00_VGI\65.jpg
00_SVI\133.jpg,00_VGI\133.jpg
00_SVI\257.jpg,00_VGI\257.jpg
00_SVI\32.jpg,00_VGI\32.jpg
00_SVI\831.jpg,00_VGI\831.jpg
00_SVI\691.jpg,00_VGI\691.jpg
00_SVI\767.jpg,00_VGI\767.jpg
00_SVI\858.jpg,00_VGI\858.jpg
00_SVI\238.jpg,00_VGI\238.jpg
00_SVI\358.jpg,00_VGI\358.jpg
00_SVI\634.jpg,00_VGI\634.jpg
00_SVI\611.jpg,00_VGI\611.jpg
00_SVI\757.jpg,00_VGI\757.jpg
00_SVI\114.jpg,00_VGI\114.jpg
00_SVI\213.jpg,00_VGI\213.jpg
00_SVI\39.jpg,00_VGI\39.jpg
00_SVI\329.jpg,00_VGI\329.jpg
00_SVI\869.jpg,00_VGI\869.jpg
00_SVI\952.jpg,00_VGI\952.jpg
00_SVI\270.jpg,00_VGI\270.jpg
00_SVI\202.jpg,00_VGI\202.jpg
00_SVI\776.jpg,00_VGI\776.jpg
00_SVI\261.jpg,00_VGI\261.jpg
00_SVI\370.jpg,00_VGI\370.jpg
00_SVI\771.jpg,00_VGI\771.jpg
00_SVI\89.jpg,00_VGI\89.jpg
00_SVI\740.jpg,00_VGI\740.jpg
00_SVI\862.jpg,00_VGI\862.jpg
00_SVI\782.jpg,00_VGI\782.jpg
00_SVI\565.jpg,00_VGI\565.jpg
00_SVI\97.jpg,00_VGI\97.jpg
00_SVI\14.jpg,00_VGI\14.jpg
00_SVI\902.jpg,00_VGI\902.jpg
00_SVI\240.jpg,00_VGI\240.jpg
00_SVI\758.jpg,00_VGI\758.jpg
00_SVI\253.jpg,00_VGI\253.jpg
00_SVI\113.jpg,00_VGI\113.jpg
00_SVI\56.jpg,00_VGI\56.jpg
00_SVI\142.jpg,00_VGI\142.jpg
00_SVI\958.jpg,00_VGI\958.jpg
00_SVI\842.jpg,00_VGI\842.jpg
00_SVI\563.jpg,00_VGI\563.jpg
00_SVI\707.jpg,00_VGI\707.jpg
00_SVI\531.jpg,00_VGI\531.jpg
00_SVI\354.jpg,00_VGI\354.jpg
00_SVI\736.jpg,00_VGI\736.jpg
00_SVI\68.jpg,00_VGI\68.jpg
00_SVI\301.jpg,00_VGI\301.jpg
00_SVI\122.jpg,00_VGI\122.jpg
00_SVI\963.jpg,00_VGI\963.jpg
00_SVI\493.jpg,00_VGI\493.jpg
00_SVI\940.jpg,00_VGI\940.jpg
00_SVI\427.jpg,00_VGI\427.jpg
00_SVI\305.jpg,00_VGI\305.jpg
00_SVI\132.jpg,00_VGI\132.jpg
00_SVI\953.jpg,00_VGI\953.jpg
00_SVI\436.jpg,00_VGI\436.jpg
00_SVI\521.jpg,00_VGI\521.jpg
00_SVI\955.jpg,00_VGI\955.jpg
00_SVI\851.jpg,00_VGI\851.jpg
00_SVI\742.jpg,00_VGI\742.jpg
00_SVI\274.jpg,00_VGI\274.jpg
00_SVI\872.jpg,00_VGI\872.jpg
00_SVI\863.jpg,00_VGI\863.jpg
00_SVI\552.jpg,00_VGI\552.jpg
00_SVI\957.jpg,00_VGI\957.jpg
00_SVI\895.jpg,00_VGI\895.jpg
00_SVI\620.jpg,00_VGI\620.jpg
00_SVI\956.jpg,00_VGI\956.jpg
00_SVI\245.jpg,00_VGI\245.jpg
00_SVI\818.jpg,00_VGI\818.jpg
00_SVI\236.jpg,00_VGI\236.jpg
00_SVI\702.jpg,00_VGI\702.jpg
00_SVI\72.jpg,00_VGI\72.jpg
00_SVI\825.jpg,00_VGI\825.jpg
00_SVI\2.jpg,00_VGI\2.jpg
00_SVI\302.jpg,00_VGI\302.jpg
00_SVI\709.jpg,00_VGI\709.jpg
00_SVI\192.jpg,00_VGI\192.jpg
00_SVI\479.jpg,00_VGI\479.jpg
00_SVI\477.jpg,00_VGI\477.jpg
00_SVI\763.jpg,00_VGI\763.jpg
00_SVI\627.jpg,00_VGI\627.jpg
00_SVI\790.jpg,00_VGI\790.jpg
00_SVI\206.jpg,00_VGI\206.jpg
00_SVI\147.jpg,00_VGI\147.jpg
00_SVI\235.jpg,00_VGI\235.jpg
00_SVI\462.jpg,00_VGI\462.jpg
00_SVI\935.jpg,00_VGI\935.jpg
00_SVI\286.jpg,00_VGI\286.jpg
00_SVI\692.jpg,00_VGI\692.jpg
00_SVI\845.jpg,00_VGI\845.jpg
00_SVI\774.jpg,00_VGI\774.jpg
00_SVI\106.jpg,00_VGI\106.jpg
00_SVI\812.jpg,00_VGI\812.jpg
00_SVI\131.jpg,00_VGI\131.jpg
00_SVI\506.jpg,00_VGI\506.jpg
00_SVI\686.jpg,00_VGI\686.jpg
00_SVI\327.jpg,00_VGI\327.jpg
00_SVI\372.jpg,00_VGI\372.jpg
00_SVI\821.jpg,00_VGI\821.jpg
00_SVI\613.jpg,00_VGI\613.jpg
00_SVI\660.jpg,00_VGI\660.jpg
00_SVI\761.jpg,00_VGI\761.jpg
00_SVI\737.jpg,00_VGI\737.jpg
00_SVI\335.jpg,00_VGI\335.jpg
00_SVI\649.jpg,00_VGI\649.jpg
00_SVI\367.jpg,00_VGI\367.jpg
00_SVI\472.jpg,00_VGI\472.jpg
00_SVI\234.jpg,00_VGI\234.jpg
00_SVI\914.jpg,00_VGI\914.jpg
00_SVI\676.jpg,00_VGI\676.jpg
00_SVI\885.jpg,00_VGI\885.jpg
00_SVI\595.jpg,00_VGI\595.jpg
00_SVI\80.jpg,00_VGI\80.jpg
00_SVI\539.jpg,00_VGI\539.jpg
00_SVI\231.jpg,00_VGI\231.jpg
00_SVI\230.jpg,00_VGI\230.jpg
00_SVI\749.jpg,00_VGI\749.jpg
00_SVI\922.jpg,00_VGI\922.jpg
00_SVI\847.jpg,00_VGI\847.jpg
00_SVI\693.jpg,00_VGI\693.jpg
00_SVI\412.jpg,00_VGI\412.jpg
00_SVI\516.jpg,00_VGI\516.jpg
00_SVI\392.jpg,00_VGI\392.jpg
00_SVI\267.jpg,00_VGI\267.jpg
00_SVI\21.jpg,00_VGI\21.jpg
00_SVI\853.jpg,00_VGI\853.jpg
00_SVI\647.jpg,00_VGI\647.jpg
00_SVI\228.jpg,00_VGI\228.jpg
00_SVI\947.jpg,00_VGI\947.jpg
00_SVI\277.jpg,00_VGI\277.jpg
00_SVI\648.jpg,00_VGI\648.jpg
00_SVI\350.jpg,00_VGI\350.jpg
00_SVI\363.jpg,00_VGI\363.jpg
00_SVI\46.jpg,00_VGI\46.jpg
00_SVI\209.jpg,00_VGI\209.jpg
00_SVI\264.jpg,00_VGI\264.jpg
00_SVI\281.jpg,00_VGI\281.jpg
00_SVI\494.jpg,00_VGI\494.jpg
00_SVI\320.jpg,00_VGI\320.jpg
00_SVI\473.jpg,00_VGI\473.jpg
00_SVI\881.jpg,00_VGI\881.jpg
00_SVI\777.jpg,00_VGI\777.jpg
00_SVI\78.jpg,00_VGI\78.jpg
00_SVI\91.jpg,00_VGI\91.jpg
00_SVI\215.jpg,00_VGI\215.jpg
00_SVI\673.jpg,00_VGI\673.jpg
00_SVI\461.jpg,00_VGI\461.jpg
00_SVI\904.jpg,00_VGI\904.jpg
00_SVI\781.jpg,00_VGI\781.jpg
00_SVI\906.jpg,00_VGI\906.jpg
00_SVI\297.jpg,00_VGI\297.jpg
00_SVI\677.jpg,00_VGI\677.jpg
00_SVI\908.jpg,00_VGI\908.jpg
00_SVI\765.jpg,00_VGI\765.jpg
00_SVI\883.jpg,00_VGI\883.jpg
00_SVI\911.jpg,00_VGI\911.jpg
00_SVI\661.jpg,00_VGI\661.jpg
00_SVI\840.jpg,00_VGI\840.jpg
00_SVI\951.jpg,00_VGI\951.jpg
00_SVI\447.jpg,00_VGI\447.jpg
00_SVI\959.jpg,00_VGI\959.jpg
00_SVI\558.jpg,00_VGI\558.jpg
00_SVI\34.jpg,00_VGI\34.jpg
00_SVI\846.jpg,00_VGI\846.jpg
00_SVI\497.jpg,00_VGI\497.jpg
00_SVI\546.jpg,00_VGI\546.jpg
00_SVI\20.jpg,00_VGI\20.jpg
00_SVI\721.jpg,00_VGI\721.jpg
00_SVI\308.jpg,00_VGI\308.jpg
00_SVI\868.jpg,00_VGI\868.jpg
00_SVI\646.jpg,00_VGI\646.jpg
00_SVI\703.jpg,00_VGI\703.jpg
00_SVI\435.jpg,00_VGI\435.jpg
00_SVI\967.jpg,00_VGI\967.jpg
00_SVI\844.jpg,00_VGI\844.jpg
00_SVI\309.jpg,00_VGI\309.jpg
00_SVI\859.jpg,00_VGI\859.jpg
00_SVI\708.jpg,00_VGI\708.jpg
00_SVI\385.jpg,00_VGI\385.jpg
00_SVI\683.jpg,00_VGI\683.jpg
00_SVI\469.jpg,00_VGI\469.jpg
00_SVI\893.jpg,00_VGI\893.jpg
00_SVI\738.jpg,00_VGI\738.jpg
00_SVI\421.jpg,00_VGI\421.jpg
00_SVI\331.jpg,00_VGI\331.jpg
00_SVI\77.jpg,00_VGI\77.jpg
00_SVI\664.jpg,00_VGI\664.jpg
00_SVI\669.jpg,00_VGI\669.jpg
00_SVI\353.jpg,00_VGI\353.jpg
00_SVI\438.jpg,00_VGI\438.jpg
00_SVI\445.jpg,00_VGI\445.jpg
00_SVI\300.jpg,00_VGI\300.jpg
00_SVI\942.jpg,00_VGI\942.jpg
00_SVI\819.jpg,00_VGI\819.jpg
00_SVI\524.jpg,00_VGI\524.jpg
00_SVI\411.jpg,00_VGI\411.jpg
00_SVI\554.jpg,00_VGI\554.jpg
00_SVI\675.jpg,00_VGI\675.jpg
00_SVI\972.jpg,00_VGI\972.jpg
00_SVI\92.jpg,00_VGI\92.jpg
00_SVI\9.jpg,00_VGI\9.jpg
00_SVI\657.jpg,00_VGI\657.jpg
00_SVI\855.jpg,00_VGI\855.jpg
00_SVI\680.jpg,00_VGI\680.jpg
00_SVI\937.jpg,00_VGI\937.jpg
00_SVI\60.jpg,00_VGI\60.jpg
00_SVI\946.jpg,00_VGI\946.jpg
00_SVI\619.jpg,00_VGI\619.jpg
00_SVI\176.jpg,00_VGI\176.jpg
00_SVI\317.jpg,00_VGI\317.jpg
00_SVI\728.jpg,00_VGI\728.jpg
00_SVI\242.jpg,00_VGI\242.jpg
00_SVI\571.jpg,00_VGI\571.jpg
00_SVI\130.jpg,00_VGI\130.jpg
00_SVI\586.jpg,00_VGI\586.jpg
00_SVI\252.jpg,00_VGI\252.jpg
00_SVI\689.jpg,00_VGI\689.jpg
00_SVI\886.jpg,00_VGI\886.jpg
00_SVI\857.jpg,00_VGI\857.jpg
00_SVI\849.jpg,00_VGI\849.jpg
00_SVI\934.jpg,00_VGI\934.jpg
00_SVI\76.jpg,00_VGI\76.jpg
00_SVI\185.jpg,00_VGI\185.jpg
00_SVI\606.jpg,00_VGI\606.jpg
00_SVI\315.jpg,00_VGI\315.jpg
00_SVI\768.jpg,00_VGI\768.jpg
00_SVI\616.jpg,00_VGI\616.jpg
00_SVI\720.jpg,00_VGI\720.jpg
00_SVI\513.jpg,00_VGI\513.jpg
00_SVI\598.jpg,00_VGI\598.jpg
00_SVI\896.jpg,00_VGI\896.jpg
00_SVI\285.jpg,00_VGI\285.jpg
00_SVI\452.jpg,00_VGI\452.jpg
00_SVI\814.jpg,00_VGI\814.jpg
00_SVI\457.jpg,00_VGI\457.jpg
00_SVI\79.jpg,00_VGI\79.jpg
00_SVI\85.jpg,00_VGI\85.jpg
00_SVI\295.jpg,00_VGI\295.jpg
00_SVI\102.jpg,00_VGI\102.jpg
00_SVI\791.jpg,00_VGI\791.jpg
00_SVI\678.jpg,00_VGI\678.jpg
00_SVI\892.jpg,00_VGI\892.jpg
00_SVI\650.jpg,00_VGI\650.jpg
00_SVI\764.jpg,00_VGI\764.jpg
00_SVI\591.jpg,00_VGI\591.jpg
00_SVI\752.jpg,00_VGI\752.jpg
00_SVI\714.jpg,00_VGI\714.jpg
00_SVI\188.jpg,00_VGI\188.jpg
00_SVI\823.jpg,00_VGI\823.jpg
00_SVI\754.jpg,00_VGI\754.jpg
00_SVI\615.jpg,00_VGI\615.jpg
00_SVI\465.jpg,00_VGI\465.jpg
00_SVI\551.jpg,00_VGI\551.jpg
00_SVI\141.jpg,00_VGI\141.jpg
00_SVI\128.jpg,00_VGI\128.jpg
00_SVI\800.jpg,00_VGI\800.jpg
00_SVI\28.jpg,00_VGI\28.jpg
00_SVI\22.jpg,00_VGI\22.jpg
00_SVI\123.jpg,00_VGI\123.jpg
00_SVI\878.jpg,00_VGI\878.jpg
00_SVI\306.jpg,00_VGI\306.jpg
00_SVI\54.jpg,00_VGI\54.jpg
00_SVI\795.jpg,00_VGI\795.jpg
00_SVI\44.jpg,00_VGI\44.jpg
00_SVI\359.jpg,00_VGI\359.jpg
00_SVI\476.jpg,00_VGI\476.jpg
00_SVI\706.jpg,00_VGI\706.jpg
00_SVI\451.jpg,00_VGI\451.jpg
00_SVI\632.jpg,00_VGI\632.jpg
00_SVI\548.jpg,00_VGI\548.jpg
00_SVI\223.jpg,00_VGI\223.jpg
00_SVI\155.jpg,00_VGI\155.jpg
00_SVI\523.jpg,00_VGI\523.jpg
00_SVI\682.jpg,00_VGI\682.jpg
00_SVI\214.jpg,00_VGI\214.jpg
00_SVI\962.jpg,00_VGI\962.jpg
00_SVI\568.jpg,00_VGI\568.jpg
00_SVI\854.jpg,00_VGI\854.jpg
00_SVI\950.jpg,00_VGI\950.jpg
00_SVI\157.jpg,00_VGI\157.jpg
00_SVI\830.jpg,00_VGI\830.jpg
00_SVI\111.jpg,00_VGI\111.jpg
00_SVI\24.jpg,00_VGI\24.jpg
00_SVI\135.jpg,00_VGI\135.jpg
00_SVI\542.jpg,00_VGI\542.jpg
00_SVI\440.jpg,00_VGI\440.jpg
00_SVI\268.jpg,00_VGI\268.jpg
00_SVI\787.jpg,00_VGI\787.jpg
00_SVI\294.jpg,00_VGI\294.jpg
00_SVI\811.jpg,00_VGI\811.jpg
00_SVI\146.jpg,00_VGI\146.jpg
00_SVI\402.jpg,00_VGI\402.jpg
00_SVI\773.jpg,00_VGI\773.jpg
00_SVI\747.jpg,00_VGI\747.jpg
00_SVI\751.jpg,00_VGI\751.jpg
00_SVI\365.jpg,00_VGI\365.jpg
00_SVI\730.jpg,00_VGI\730.jpg
00_SVI\325.jpg,00_VGI\325.jpg
00_SVI\753.jpg,00_VGI\753.jpg
00_SVI\514.jpg,00_VGI\514.jpg
00_SVI\509.jpg,00_VGI\509.jpg
00_SVI\980.jpg,00_VGI\980.jpg
00_SVI\833.jpg,00_VGI\833.jpg
00_SVI\876.jpg,00_VGI\876.jpg
00_SVI\341.jpg,00_VGI\341.jpg
00_SVI\280.jpg,00_VGI\280.jpg
00_SVI\244.jpg,00_VGI\244.jpg
00_SVI\6.jpg,00_VGI\6.jpg
00_SVI\756.jpg,00_VGI\756.jpg
00_SVI\460.jpg,00_VGI\460.jpg
00_SVI\731.jpg,00_VGI\731.jpg
00_SVI\528.jpg,00_VGI\528.jpg
00_SVI\839.jpg,00_VGI\839.jpg
00_SVI\794.jpg,00_VGI\794.jpg
00_SVI\194.jpg,00_VGI\194.jpg
00_SVI\608.jpg,00_VGI\608.jpg
00_SVI\45.jpg,00_VGI\45.jpg
00_SVI\10.jpg,00_VGI\10.jpg
00_SVI\928.jpg,00_VGI\928.jpg
00_SVI\968.jpg,00_VGI\968.jpg
00_SVI\604.jpg,00_VGI\604.jpg
00_SVI\171.jpg,00_VGI\171.jpg
00_SVI\284.jpg,00_VGI\284.jpg
00_SVI\13.jpg,00_VGI\13.jpg
00_SVI\798.jpg,00_VGI\798.jpg
00_SVI\557.jpg,00_VGI\557.jpg
00_SVI\484.jpg,00_VGI\484.jpg
00_SVI\508.jpg,00_VGI\508.jpg
00_SVI\429.jpg,00_VGI\429.jpg
00_SVI\181.jpg,00_VGI\181.jpg
00_SVI\404.jpg,00_VGI\404.jpg
00_SVI\907.jpg,00_VGI\907.jpg
00_SVI\607.jpg,00_VGI\607.jpg
00_SVI\41.jpg,00_VGI\41.jpg
00_SVI\799.jpg,00_VGI\799.jpg
00_SVI\316.jpg,00_VGI\316.jpg
00_SVI\110.jpg,00_VGI\110.jpg
00_SVI\383.jpg,00_VGI\383.jpg
00_SVI\64.jpg,00_VGI\64.jpg
00_SVI\448.jpg,00_VGI\448.jpg
00_SVI\345.jpg,00_VGI\345.jpg
00_SVI\249.jpg,00_VGI\249.jpg
00_SVI\856.jpg,00_VGI\856.jpg
00_SVI\977.jpg,00_VGI\977.jpg
00_SVI\681.jpg,00_VGI\681.jpg
00_SVI\836.jpg,00_VGI\836.jpg
00_SVI\535.jpg,00_VGI\535.jpg
00_SVI\966.jpg,00_VGI\966.jpg
00_SVI\553.jpg,00_VGI\553.jpg
00_SVI\848.jpg,00_VGI\848.jpg
00_SVI\318.jpg,00_VGI\318.jpg
00_SVI\609.jpg,00_VGI\609.jpg
00_SVI\888.jpg,00_VGI\888.jpg
00_SVI\605.jpg,00_VGI\605.jpg
00_SVI\717.jpg,00_VGI\717.jpg
00_SVI\27.jpg,00_VGI\27.jpg
00_SVI\803.jpg,00_VGI\803.jpg
00_SVI\729.jpg,00_VGI\729.jpg
00_SVI\527.jpg,00_VGI\527.jpg
00_SVI\712.jpg,00_VGI\712.jpg
00_SVI\559.jpg,00_VGI\559.jpg
00_SVI\151.jpg,00_VGI\151.jpg
00_SVI\526.jpg,00_VGI\526.jpg
00_SVI\603.jpg,00_VGI\603.jpg
00_SVI\870.jpg,00_VGI\870.jpg
00_SVI\772.jpg,00_VGI\772.jpg
00_SVI\326.jpg,00_VGI\326.jpg
00_SVI\118.jpg,00_VGI\118.jpg
00_SVI\381.jpg,00_VGI\381.jpg
00_SVI\512.jpg,00_VGI\512.jpg
00_SVI\243.jpg,00_VGI\243.jpg
00_SVI\348.jpg,00_VGI\348.jpg
00_SVI\271.jpg,00_VGI\271.jpg
00_SVI\446.jpg,00_VGI\446.jpg
00_SVI\824.jpg,00_VGI\824.jpg
00_SVI\471.jpg,00_VGI\471.jpg
00_SVI\541.jpg,00_VGI\541.jpg
00_SVI\408.jpg,00_VGI\408.jpg
00_SVI\792.jpg,00_VGI\792.jpg
00_SVI\377.jpg,00_VGI\377.jpg
00_SVI\695.jpg,00_VGI\695.jpg
00_SVI\216.jpg,00_VGI\216.jpg
00_SVI\697.jpg,00_VGI\697.jpg
00_SVI\884.jpg,00_VGI\884.jpg
00_SVI\189.jpg,00_VGI\189.jpg
00_SVI\434.jpg,00_VGI\434.jpg
00_SVI\178.jpg,00_VGI\178.jpg
00_SVI\511.jpg,00_VGI\511.jpg
00_SVI\397.jpg,00_VGI\397.jpg
00_SVI\292.jpg,00_VGI\292.jpg
00_SVI\519.jpg,00_VGI\519.jpg
00_SVI\208.jpg,00_VGI\208.jpg
00_SVI\652.jpg,00_VGI\652.jpg
00_SVI\117.jpg,00_VGI\117.jpg
00_SVI\73.jpg,00_VGI\73.jpg
00_SVI\163.jpg,00_VGI\163.jpg
00_SVI\195.jpg,00_VGI\195.jpg
00_SVI\342.jpg,00_VGI\342.jpg
00_SVI\874.jpg,00_VGI\874.jpg
00_SVI\491.jpg,00_VGI\491.jpg
00_SVI\191.jpg,00_VGI\191.jpg
